wikidata;hyperreal
http://www.wikidata.org/entity/Q13188;https://w3id.org/simulation/data/pomegranate
http://www.wikidata.org/entity/Q161050;https://w3id.org/simulation/data/hepatica
http://www.wikidata.org/entity/Q185385;https://w3id.org/simulation/data/ringTailedLemur
http://www.wikidata.org/entity/Q206998;https://w3id.org/simulation/data/heath
http://www.wikidata.org/entity/Q430619;https://w3id.org/simulation/data/chinkara
http://www.wikidata.org/entity/Q19413;https://w3id.org/simulation/data/pelican
http://www.wikidata.org/entity/Q157503;https://w3id.org/simulation/data/fritillary
http://www.wikidata.org/entity/Q1396837;https://w3id.org/simulation/data/cardinalFlower
http://www.wikidata.org/entity/Q2247502;https://w3id.org/simulation/data/passionFlower
http://www.wikidata.org/entity/Q18789;https://w3id.org/simulation/data/heron
http://www.wikidata.org/entity/Q43300;https://w3id.org/simulation/data/quince
http://www.wikidata.org/entity/Q25292;https://w3id.org/simulation/data/datePalm
http://www.wikidata.org/entity/Q82728;https://w3id.org/simulation/data/americanBison
http://www.wikidata.org/entity/Q158703;https://w3id.org/simulation/data/boxwood
http://www.wikidata.org/entity/Q6401215;https://w3id.org/simulation/data/plum
http://www.wikidata.org/entity/Q13426919;https://w3id.org/simulation/data/lapwing
http://www.wikidata.org/entity/Q12024;https://w3id.org/simulation/data/pine
http://www.wikidata.org/entity/Q43576;https://w3id.org/simulation/data/wildcat
http://www.wikidata.org/entity/Q58677;https://w3id.org/simulation/data/cabbage
http://www.wikidata.org/entity/Q128550;https://w3id.org/simulation/data/cedar
http://www.wikidata.org/entity/Q156288;https://w3id.org/simulation/data/indianCress
http://www.wikidata.org/entity/Q158271;https://w3id.org/simulation/data/nasturtium
http://www.wikidata.org/entity/Q917284;https://w3id.org/simulation/data/vine
http://www.wikidata.org/entity/Q7215110;https://w3id.org/simulation/data/rye
http://www.wikidata.org/entity/Q12861234;https://w3id.org/simulation/data/pansy
http://www.wikidata.org/entity/Q1493;https://w3id.org/simulation/data/pineapple
http://www.wikidata.org/entity/Q4764;https://w3id.org/simulation/data/crane
http://www.wikidata.org/entity/Q45108;https://w3id.org/simulation/data/flax
http://www.wikidata.org/entity/Q109995;https://w3id.org/simulation/data/snowdrop
http://www.wikidata.org/entity/Q115661;https://w3id.org/simulation/data/thrush
http://www.wikidata.org/entity/Q156307;https://w3id.org/simulation/data/weepingWillow
http://www.wikidata.org/entity/Q161090;https://w3id.org/simulation/data/woodruff
http://www.wikidata.org/entity/Q23485;https://w3id.org/simulation/data/onion
http://www.wikidata.org/entity/Q30024;https://w3id.org/simulation/data/dandelion
http://www.wikidata.org/entity/Q155833;https://w3id.org/simulation/data/oleander
http://www.wikidata.org/entity/Q156047;https://w3id.org/simulation/data/honeysuckle
http://www.wikidata.org/entity/Q192190;https://w3id.org/simulation/data/holly
http://www.wikidata.org/entity/Q160099;https://w3id.org/simulation/data/teasel
http://www.wikidata.org/entity/Q245117;https://w3id.org/simulation/data/relief
http://www.wikidata.org/entity/Q3281198;https://w3id.org/simulation/data/maple
http://www.wikidata.org/entity/Q640505;https://w3id.org/simulation/data/cabbageRose
http://www.wikidata.org/entity/Q25851;https://w3id.org/simulation/data/rabbit
http://www.wikidata.org/entity/Q82562;https://w3id.org/simulation/data/goose
http://www.wikidata.org/entity/Q146391;https://w3id.org/simulation/data/poppy
http://www.wikidata.org/entity/Q156811;https://w3id.org/simulation/data/lupin
http://www.wikidata.org/entity/Q147105;https://w3id.org/simulation/data/peony
http://www.wikidata.org/entity/Q393278;https://w3id.org/simulation/data/gorse
http://www.wikidata.org/entity/Q434;https://w3id.org/simulation/data/pear
http://www.wikidata.org/entity/Q21188;https://w3id.org/simulation/data/laurel
http://www.wikidata.org/entity/Q25382;https://w3id.org/simulation/data/bullfinch
http://www.wikidata.org/entity/Q28367;https://w3id.org/simulation/data/asparagus
http://www.wikidata.org/entity/Q44789;https://w3id.org/simulation/data/mulberry
http://www.wikidata.org/entity/Q132557;https://w3id.org/simulation/data/hawthorn
http://www.wikidata.org/entity/Q157151;https://w3id.org/simulation/data/sage
http://www.wikidata.org/entity/Q3124760;https://w3id.org/simulation/data/pussyWillow
http://www.wikidata.org/entity/Q25312;https://w3id.org/simulation/data/flyInsect
http://www.wikidata.org/entity/Q37083;https://w3id.org/simulation/data/olive
http://www.wikidata.org/entity/Q146110;https://w3id.org/simulation/data/aspen
http://www.wikidata.org/entity/Q158758;https://w3id.org/simulation/data/hyacinth
http://www.wikidata.org/entity/Q25345;https://w3id.org/simulation/data/ermine
http://www.wikidata.org/entity/Q26490;https://w3id.org/simulation/data/kestrel
http://www.wikidata.org/entity/Q25388;https://w3id.org/simulation/data/goldenOriole
http://www.wikidata.org/entity/Q29858;https://w3id.org/simulation/data/lark
http://www.wikidata.org/entity/Q36050;https://w3id.org/simulation/data/willow
http://www.wikidata.org/entity/Q131113;https://w3id.org/simulation/data/elm
http://www.wikidata.org/entity/Q144795;https://w3id.org/simulation/data/pea
http://www.wikidata.org/entity/Q157552;https://w3id.org/simulation/data/cowslip
http://www.wikidata.org/entity/Q158699;https://w3id.org/simulation/data/peacock
http://www.wikidata.org/entity/Q1976487;https://w3id.org/simulation/data/reed
http://www.wikidata.org/entity/Q25354;https://w3id.org/simulation/data/jay
http://www.wikidata.org/entity/Q34687;https://w3id.org/simulation/data/roseFlower
http://www.wikidata.org/entity/Q157555;https://w3id.org/simulation/data/foxglove
http://www.wikidata.org/entity/Q4959355;https://w3id.org/simulation/data/pomegranate
http://www.wikidata.org/entity/Q745;https://w3id.org/simulation/data/strawberry
http://www.wikidata.org/entity/Q101538;https://w3id.org/simulation/data/clover
http://www.wikidata.org/entity/Q183339;https://w3id.org/simulation/data/blackbuck
http://www.wikidata.org/entity/Q7537;https://w3id.org/simulation/data/broccoli
http://www.wikidata.org/entity/Q12004;https://w3id.org/simulation/data/oak
http://www.wikidata.org/entity/Q25662;https://w3id.org/simulation/data/juniper
http://www.wikidata.org/entity/Q25350;https://w3id.org/simulation/data/fir
http://www.wikidata.org/entity/Q121671;https://w3id.org/simulation/data/nettle
http://www.wikidata.org/entity/Q146095;https://w3id.org/simulation/data/violet
http://www.wikidata.org/entity/Q157658;https://w3id.org/simulation/data/eveningPrimrose
http://www.wikidata.org/entity/Q147325;https://w3id.org/simulation/data/mallow
http://www.wikidata.org/entity/Q192524;https://w3id.org/simulation/data/canary
http://www.wikidata.org/entity/Q15507066;https://w3id.org/simulation/data/rush
http://www.wikidata.org/entity/Q18854;https://w3id.org/simulation/data/curlew
http://www.wikidata.org/entity/Q25469;https://w3id.org/simulation/data/starling
http://www.wikidata.org/entity/Q28922;https://w3id.org/simulation/data/sparrows
http://www.wikidata.org/entity/Q46871;https://w3id.org/simulation/data/walnut
http://www.wikidata.org/entity/Q147192;https://w3id.org/simulation/data/kingcup
http://www.wikidata.org/entity/Q157964;https://w3id.org/simulation/data/rowan
http://www.wikidata.org/entity/Q220925;https://w3id.org/simulation/data/periwinkle
http://www.wikidata.org/entity/Q388162;https://w3id.org/simulation/data/flea
http://www.wikidata.org/entity/Q1148371;https://w3id.org/simulation/data/hollyhock
http://www.wikidata.org/entity/Q43365;https://w3id.org/simulation/data/crow
http://www.wikidata.org/entity/Q46076;https://w3id.org/simulation/data/hare
http://www.wikidata.org/entity/Q105415;https://w3id.org/simulation/data/snowdrop
http://www.wikidata.org/entity/Q161100;https://w3id.org/simulation/data/flax
http://www.wikidata.org/entity/Q10811;https://w3id.org/simulation/data/reptile
http://www.wikidata.org/entity/Q19707;https://w3id.org/simulation/data/donkey
http://www.wikidata.org/entity/Q27164;https://w3id.org/simulation/data/oxeyeDaisy
http://www.wikidata.org/entity/Q31431;https://w3id.org/simulation/data/parrot
http://www.wikidata.org/entity/Q148758;https://w3id.org/simulation/data/cucumber
http://www.wikidata.org/entity/Q148983;https://w3id.org/simulation/data/lentil
http://www.wikidata.org/entity/Q158590;https://w3id.org/simulation/data/osier
http://www.wikidata.org/entity/Q333166;https://w3id.org/simulation/data/sarusCrane
http://www.wikidata.org/entity/Q13180;https://w3id.org/simulation/data/blackberry
http://www.wikidata.org/entity/Q40802;https://w3id.org/simulation/data/crab
http://www.wikidata.org/entity/Q156944;https://w3id.org/simulation/data/sycamore
http://www.wikidata.org/entity/Q158974;https://w3id.org/simulation/data/primrose
http://www.wikidata.org/entity/Q165507;https://w3id.org/simulation/data/radish
http://www.wikidata.org/entity/Q180404;https://w3id.org/simulation/data/elk
http://www.wikidata.org/entity/Q798401;https://w3id.org/simulation/data/asianKoel
http://www.wikidata.org/entity/Q10409638;https://w3id.org/simulation/data/grasshopper
http://www.wikidata.org/entity/Q12099;https://w3id.org/simulation/data/rye
http://www.wikidata.org/entity/Q26354;https://w3id.org/simulation/data/ivy
http://www.wikidata.org/entity/Q28425;https://w3id.org/simulation/data/batAnimal
http://www.wikidata.org/entity/Q37453;https://w3id.org/simulation/data/apricot
http://www.wikidata.org/entity/Q145992;https://w3id.org/simulation/data/norwaySpruce
http://www.wikidata.org/entity/Q163996;https://w3id.org/simulation/data/magpie
http://www.wikidata.org/entity/Q27257;https://w3id.org/simulation/data/burdock
http://www.wikidata.org/entity/Q164686;https://w3id.org/simulation/data/plantain
http://www.wikidata.org/entity/Q240620;https://w3id.org/simulation/data/honesty
http://www.wikidata.org/entity/Q41503;https://w3id.org/simulation/data/gooseberry
http://www.wikidata.org/entity/Q4968112;https://w3id.org/simulation/data/hyacinth
http://www.wikidata.org/entity/Q25740;https://w3id.org/simulation/data/wren
http://www.wikidata.org/entity/Q26114;https://w3id.org/simulation/data/woodcock
http://www.wikidata.org/entity/Q26158;https://w3id.org/simulation/data/daisy
http://www.wikidata.org/entity/Q57051;https://w3id.org/simulation/data/mullein
http://www.wikidata.org/entity/Q82014;https://w3id.org/simulation/data/jasmine
http://www.wikidata.org/entity/Q149312;https://w3id.org/simulation/data/bindweed
http://www.wikidata.org/entity/Q644934;https://w3id.org/simulation/data/frenchMarigold
http://www.wikidata.org/entity/Q10758650;https://w3id.org/simulation/data/horse
http://www.wikidata.org/entity/Q1380;https://w3id.org/simulation/data/pepper
http://www.wikidata.org/entity/Q43624;https://w3id.org/simulation/data/hummingbird
http://www.wikidata.org/entity/Q147281;https://w3id.org/simulation/data/marigold
http://www.wikidata.org/entity/Q156153;https://w3id.org/simulation/data/buckbean
http://www.wikidata.org/entity/Q163025;https://w3id.org/simulation/data/sycamore
http://www.wikidata.org/entity/Q190326;https://w3id.org/simulation/data/pansy
http://www.wikidata.org/entity/Q201235;https://w3id.org/simulation/data/electricEel
http://www.wikidata.org/entity/Q207427;https://w3id.org/simulation/data/lotus
http://www.wikidata.org/entity/Q1952236;https://w3id.org/simulation/data/dragonfly
http://www.wikidata.org/entity/Q500;https://w3id.org/simulation/data/lemon
http://www.wikidata.org/entity/Q25307;https://w3id.org/simulation/data/magpie
http://www.wikidata.org/entity/Q25334;https://w3id.org/simulation/data/robin
http://www.wikidata.org/entity/Q26106;https://w3id.org/simulation/data/partridge
http://www.wikidata.org/entity/Q26782;https://w3id.org/simulation/data/spruce
http://www.wikidata.org/entity/Q36396;https://w3id.org/simulation/data/rat
http://www.wikidata.org/entity/Q101711;https://w3id.org/simulation/data/lilyOfTheValley
http://www.wikidata.org/entity/Q159429;https://w3id.org/simulation/data/baboon
http://www.wikidata.org/entity/Q25678;https://w3id.org/simulation/data/wryneck
http://www.wikidata.org/entity/Q158513;https://w3id.org/simulation/data/hornbeam
http://www.wikidata.org/entity/Q190858;https://w3id.org/simulation/data/gazelle
http://www.wikidata.org/entity/Q146198;https://w3id.org/simulation/data/rowan
http://www.wikidata.org/entity/Q212398;https://w3id.org/simulation/data/monarchButterfly
http://www.wikidata.org/entity/Q26736;https://w3id.org/simulation/data/clove
http://www.wikidata.org/entity/Q26899;https://w3id.org/simulation/data/horseChestnut
http://www.wikidata.org/entity/Q79915;https://w3id.org/simulation/data/kingfisher
http://www.wikidata.org/entity/Q147520;https://w3id.org/simulation/data/bulrush
http://www.wikidata.org/entity/Q2846008;https://w3id.org/simulation/data/redColumbine
http://www.wikidata.org/entity/Q25537662;https://w3id.org/simulation/data/serpent
http://www.wikidata.org/entity/Q18845;https://w3id.org/simulation/data/cuckoo
http://www.wikidata.org/entity/Q43502;https://w3id.org/simulation/data/dodo
http://www.wikidata.org/entity/Q147316;https://w3id.org/simulation/data/pineapple
http://www.wikidata.org/entity/Q158808;https://w3id.org/simulation/data/papyrus
http://www.wikidata.org/entity/Q160107;https://w3id.org/simulation/data/larkspur
http://www.wikidata.org/entity/Q255375;https://w3id.org/simulation/data/nettleTree
http://www.wikidata.org/entity/Q1277255;https://w3id.org/simulation/data/calabash
http://www.wikidata.org/entity/Q12106;https://w3id.org/simulation/data/wheat
http://www.wikidata.org/entity/Q25356;https://w3id.org/simulation/data/poplar
http://www.wikidata.org/entity/Q25357;https://w3id.org/simulation/data/raven
http://www.wikidata.org/entity/Q124969;https://w3id.org/simulation/data/hazel
http://www.wikidata.org/entity/Q2861311;https://w3id.org/simulation/data/greenDragon
http://www.wikidata.org/entity/Q15370610;https://w3id.org/simulation/data/larkspur
http://www.wikidata.org/entity/Q42046;https://w3id.org/simulation/data/hyena
http://www.wikidata.org/entity/Q188879;https://w3id.org/simulation/data/salmon
http://www.wikidata.org/entity/Q210872;https://w3id.org/simulation/data/southAsianRiverDolphin
http://www.wikidata.org/entity/Q2018526;https://w3id.org/simulation/data/theArts
http://www.wikidata.org/entity/Q21040;https://w3id.org/simulation/data/daisy
http://www.wikidata.org/entity/Q30959;https://w3id.org/simulation/data/thornApple
http://www.wikidata.org/entity/Q147552;https://w3id.org/simulation/data/marigold
http://www.wikidata.org/entity/Q159537;https://w3id.org/simulation/data/primrose
http://www.wikidata.org/entity/Q862089;https://w3id.org/simulation/data/giraffe
http://www.wikidata.org/entity/Q2425991;https://w3id.org/simulation/data/shaheedMinarDhaka
http://www.wikidata.org/entity/Q10757112;https://w3id.org/simulation/data/plantain
http://www.wikidata.org/entity/Q25418;https://w3id.org/simulation/data/goldfinch
http://www.wikidata.org/entity/Q43794;https://w3id.org/simulation/data/turkey
http://www.wikidata.org/entity/Q79803;https://w3id.org/simulation/data/guineaPig
http://www.wikidata.org/entity/Q122679;https://w3id.org/simulation/data/rosemary
http://www.wikidata.org/entity/Q149892;https://w3id.org/simulation/data/coyote
http://www.wikidata.org/entity/Q146911;https://w3id.org/simulation/data/cypress
http://www.wikidata.org/entity/Q35517;https://w3id.org/simulation/data/elk
http://www.wikidata.org/entity/Q147064;https://w3id.org/simulation/data/blackPoplar
http://www.wikidata.org/entity/Q147641;https://w3id.org/simulation/data/columbine
http://www.wikidata.org/entity/Q17507129;https://w3id.org/simulation/data/watermelon
http://www.wikidata.org/entity/Q25234;https://w3id.org/simulation/data/blackbird
http://www.wikidata.org/entity/Q602740;https://w3id.org/simulation/data/blackberry
http://www.wikidata.org/entity/Q10731891;https://w3id.org/simulation/data/moose
http://www.wikidata.org/entity/Q5339301;https://w3id.org/simulation/data/gourd
http://www.wikidata.org/entity/Q8666090;https://w3id.org/simulation/data/banana
http://www.wikidata.org/entity/Q25332;https://w3id.org/simulation/data/osprey
http://www.wikidata.org/entity/Q215166;https://w3id.org/simulation/data/curlew
